Introduction to DreamHost Community new platform,Site Feedback,2d,8m,4,pardeep123
Forwarding a subdomain to an ip with ssl,Discussions & Questions,4h,4h,0,poethacker
Seeking OpenVBX advice,Discussions & Questions,Dec  20,1d,4,keyplyr
Wordpress Multisite Support,Discussions & Questions,8d,1d,2,douglas123
Move a page to another URL and 301 redirect,Discussions & Questions,Dec  20,1d,1,User2
Formspree Contact Forms No Longer Working on Remixer Websites Dec 2020,Discussions & Questions,27d,2d,12,zaba
Why do you charge for customer service?,Discussions & Questions,3d,2d,3,habilis
Custom font installation for Django Project deployed to DreamHost Servers,Discussions & Questions,Dec  20,3d,5,JennieMiller
Php code isn t running,How To,11d,3d,4,JennieMiller
How to reduce spam score of website?,How To,Sep  20,3d,49,continuum
Inbound email flagged as spam,Discussions & Questions,Nov  20,5d,14,andrew2345
WebSockets on shared hosting?,Discussions & Questions,10d,5d,2,jonaslouiach
Suggesion for email security,Suggestions,5d,5d,0,alanjy
Microsoft as MFA,Suggestions,16d,5d,1,keyplyr
Alphabetically sort,Suggestions,6d,5d,0,wostan
How to buy products through a web store?,Suggestions,7d,6d,4,keyplyr
How to forward home server to subdomain on dreamhost,Discussions & Questions,Dec  20,7d,1,ShiningSquirrel
Cannot receive any email attachments of any size,Discussions & Questions,7d,7d,0,BryceMCA
POST route not working with Passenger Dreamhost server,Discussions & Questions,8d,8d,1,habilis
Index.html not loading  my page.com is almost here! Upload your website to get started. ,Discussions & Questions,8d,8d,2,sXi
Message Filtration for entire domain,Suggestions,Nov  20,9d,21,zabi
Looking for help moving an SMF forum board to Dreamhost,Discussions & Questions,16d,10d,1,kullervo
Filtering TLDs across the whole domain?,Suggestions,Dec  20,10d,3,henryleo
Spam or genuine account closing email,Discussions & Questions,14d,11d,3,keyplyr
Why isn t my SSL certificate working?,Discussions & Questions,13d,12d,2,xyrcncp
Moving from an HTML site to a WordPress site,Discussions & Questions,17d,17d,1,keyplyr
Hosting support,Discussions & Questions,18d,17d,2,system
Getting Passenger to use a custom Node script,Discussions & Questions,23d,18d,10,system
Passenger does not display app.js,Discussions & Questions,18d,18d,2,system
